{
	"width": 1280,
	"height": 720,
	"fps": 30,
	"main": "./script/aez_bundle_main.js",
	"assets": {
		"assets/images/majima_1.png": {
			"type": "image",
			"path": "files/f39c4f9810a20f400a0e.png",
			"width": 960,
			"height": 720,
			"hint": {
				"untainted": true
			},
			"virtualPath": "assets/images/majima_1.png"
		},
		"assets/images/majima_0.png": {
			"type": "image",
			"path": "files/5656c0e0b6e9e182fec4.png",
			"width": 960,
			"height": 720,
			"hint": {
				"untainted": true
			},
			"virtualPath": "assets/images/majima_0.png"
		},
		"assets/images/majima_10.png": {
			"type": "image",
			"path": "files/e9b3fad2457cb0b5e7f2.png",
			"width": 960,
			"height": 720,
			"hint": {
				"untainted": true
			},
			"virtualPath": "assets/images/majima_10.png"
		},
		"assets/images/majima_11.png": {
			"type": "image",
			"path": "files/2db7459dbafad11b9178.png",
			"width": 960,
			"height": 720,
			"hint": {
				"untainted": true
			},
			"virtualPath": "assets/images/majima_11.png"
		},
		"assets/images/majima_12.png": {
			"type": "image",
			"path": "files/b4b90a63ee2035c9dd12.png",
			"width": 960,
			"height": 720,
			"hint": {
				"untainted": true
			},
			"virtualPath": "assets/images/majima_12.png"
		},
		"assets/images/majima_13.png": {
			"type": "image",
			"path": "files/46911dd154cd7d12afdb.png",
			"width": 960,
			"height": 720,
			"hint": {
				"untainted": true
			},
			"virtualPath": "assets/images/majima_13.png"
		},
		"assets/images/majima_2.png": {
			"type": "image",
			"path": "files/54ecd8290ef750a2fd8e.png",
			"width": 960,
			"height": 720,
			"hint": {
				"untainted": true
			},
			"virtualPath": "assets/images/majima_2.png"
		},
		"assets/images/majima_3.png": {
			"type": "image",
			"path": "files/11e25ba36bbb04b35d7d.png",
			"width": 960,
			"height": 720,
			"hint": {
				"untainted": true
			},
			"virtualPath": "assets/images/majima_3.png"
		},
		"assets/images/majima_4.png": {
			"type": "image",
			"path": "files/52e80f43d62b68ad7aeb.png",
			"width": 960,
			"height": 720,
			"hint": {
				"untainted": true
			},
			"virtualPath": "assets/images/majima_4.png"
		},
		"assets/images/majima_5.png": {
			"type": "image",
			"path": "files/dfc3c0dcab3b71d5c717.png",
			"width": 960,
			"height": 720,
			"hint": {
				"untainted": true
			},
			"virtualPath": "assets/images/majima_5.png"
		},
		"assets/images/majima_6.png": {
			"type": "image",
			"path": "files/8955f9a925633064b2ab.png",
			"width": 960,
			"height": 720,
			"hint": {
				"untainted": true
			},
			"virtualPath": "assets/images/majima_6.png"
		},
		"assets/images/majima_7.png": {
			"type": "image",
			"path": "files/1b45623e51d2704b76cf.png",
			"width": 960,
			"height": 720,
			"hint": {
				"untainted": true
			},
			"virtualPath": "assets/images/majima_7.png"
		},
		"assets/images/majima_8.png": {
			"type": "image",
			"path": "files/16b726d127e39fdac99b.png",
			"width": 960,
			"height": 720,
			"hint": {
				"untainted": true
			},
			"virtualPath": "assets/images/majima_8.png"
		},
		"assets/images/majima_9.png": {
			"type": "image",
			"path": "files/6418a3b529dd9bf96915.png",
			"width": 960,
			"height": 720,
			"hint": {
				"untainted": true
			},
			"virtualPath": "assets/images/majima_9.png"
		},
		"assets/sounds/konnnitiha": {
			"type": "audio",
			"path": "files/2e689ec24eaea6461aab",
			"systemId": "sound",
			"duration": 2009,
			"hint": {
				"extensions": [
					".m4a",
					".ogg"
				]
			},
			"virtualPath": "assets/sounds/konnnitiha"
		},
		"assets/sounds/mouikkai": {
			"type": "audio",
			"path": "files/e7023e8035c1bcd9463a",
			"systemId": "sound",
			"duration": 804,
			"hint": {
				"extensions": [
					".m4a",
					".ogg"
				]
			},
			"virtualPath": "assets/sounds/mouikkai"
		},
		"assets/sounds/thinko": {
			"type": "audio",
			"path": "files/91b30daed5ae0e9290c3",
			"systemId": "sound",
			"duration": 804,
			"hint": {
				"extensions": [
					".m4a",
					".ogg"
				]
			},
			"virtualPath": "assets/sounds/thinko"
		},
		"aez_bundle_main": {
			"type": "script",
			"global": true,
			"path": "files/f086925699839f7a9594.js",
			"virtualPath": "script/aez_bundle_main.js"
		}
	},
	"environment": {
		"sandbox-runtime": "3",
		"nicolive": {
			"supportedModes": [
				"ranking"
			],
			"preferredSessionParameters": {
				"totalTimeLimit": 36
			}
		},
		"external": {
			"send": "0"
		},
		"akashic-runtime": {
			"version": "~3.7.19-0",
			"flavor": "-canvas"
		}
	},
	"exportZipInfo": {
		"version": "1.9.15",
		"option": {
			"strip": true,
			"babel": true,
			"hashFilename": true,
			"targetService": "nicolive",
			"nicolive": true
		}
	},
	"globalScripts": []
}